host,ip,ping,timestamp
seu,ws://106.39.41.16/,265,1621343529.4622884
seu,ws://118.212.233.223/,732,1621343529.9303174
seu,ws://182.61.200.7/,803,1621343530.0003405
seu,ws://61.151.166.166/,1120,1621343530.3194864
seu,ws://39.105.133.50/,1184,1621343530.3835258
seu,ws://202.115.32.43/,1331,1621343530.53105
seu,ws://111.206.13.64/,3179,1621343532.3783262
seu,ws://180.149.134.141/,3298,1621343532.4955494
seu,ws://202.119.32.7/,3830,1621343533.0289478
seu,ws://129.211.129.109/,4192,1621343533.3928568
seu,ws://154.8.131.171/,4423,1621343533.6212447
seu,ws://180.163.251.85/,4447,1621343533.6462471
seu,ws://203.76.217.2/,4606,1621343533.8050404
seu,ws://106.39.41.16/,660,1621343540.4721208
seu,ws://118.212.233.223/,733,1621343540.5454662
seu,ws://129.211.129.109/,1564,1621343541.3801124
seu,ws://203.76.217.2/,1757,1621343541.5726075
seu,ws://61.151.166.166/,2177,1621343541.9928873
seu,ws://202.115.32.43/,2220,1621343542.0358906
seu,ws://182.61.200.7/,2247,1621343542.058902
seu,ws://180.163.251.85/,3345,1621343543.1589847
seu,ws://39.105.133.50/,3459,1621343543.273387
seu,ws://111.206.13.64/,3764,1621343543.5779042
seu,ws://180.149.134.141/,4361,1621343544.1747007
seu,ws://202.119.32.7/,4544,1621343544.357495
seu,ws://154.8.131.171/,4564,1621343544.3774958
seu,ws://118.212.233.223/,342,1621343553.5798411
seu,ws://106.39.41.16/,431,1621343553.6672432
seu,ws://182.61.200.7/,858,1621343554.09531
seu,ws://39.105.133.50/,1640,1621343554.878102
seu,ws://202.119.32.7/,1679,1621343554.916305
seu,ws://111.206.13.64/,2632,1621343555.8701172
seu,ws://129.211.129.109/,2765,1621343556.0033593
seu,ws://180.163.251.85/,3415,1621343556.6529648
seu,ws://202.115.32.43/,3615,1621343556.8534255
seu,ws://154.8.131.171/,3740,1621343556.9768414
seu,ws://203.76.217.2/,4582,1621343557.8209739
seu,ws://61.151.166.166/,4654,1621343557.892797
seu,ws://180.149.134.141/,4884,1621343558.1211925
seu,ws://106.39.41.16/,309,1621343564.2235925
seu,ws://118.212.233.223/,826,1621343564.7405066
seu,ws://154.8.131.171/,1472,1621343565.3874354
seu,ws://202.119.32.7/,2021,1621343565.936568
seu,ws://182.61.200.7/,2578,1621343566.493511
seu,ws://39.105.133.50/,3551,1621343567.4678857
seu,ws://129.211.129.109/,3849,1621343567.765582
seu,ws://61.151.166.166/,4549,1621343568.4659095
seu,ws://202.115.32.43/,4600,1621343568.5164218
seu,ws://111.206.13.64/,4688,1621343568.6043615
seu,ws://203.76.217.2/,4844,1621343568.760413
seu,ws://180.149.134.141/,4865,1621343568.780414
seu,ws://180.163.251.85/,4982,1621343568.8968773
seu,ws://118.212.233.223/,128,1621343578.1698713
seu,ws://106.39.41.16/,136,1621343578.177872
seu,ws://129.211.129.109/,1069,1621343579.1139293
seu,ws://180.149.134.141/,1288,1621343579.3299565
seu,ws://202.119.32.7/,1535,1621343579.5779498
seu,ws://203.76.217.2/,1742,1621343579.7861054
seu,ws://154.8.131.171/,2329,1621343580.371533
seu,ws://202.115.32.43/,2536,1621343580.580929
seu,ws://61.151.166.166/,2632,1621343580.6752248
seu,ws://180.163.251.85/,2680,1621343580.7232347
seu,ws://111.206.13.64/,3622,1621343581.6640983
seu,ws://39.105.133.50/,4772,1621343582.8161426
seu,ws://182.61.200.7/,7688,1621343585.7306802
seu,ws://106.39.41.16/,95,1621343588.9760127
seu,ws://182.61.200.7/,239,1621343589.1198778
seu,ws://118.212.233.223/,328,1621343589.2099252
seu,ws://202.119.32.7/,831,1621343589.7122688
seu,ws://180.149.134.141/,848,1621343589.72927
seu,ws://180.163.251.85/,1495,1621343590.3780699
seu,ws://111.206.13.64/,2197,1621343591.07885
seu,ws://202.115.32.43/,3411,1621343592.2940814
seu,ws://203.76.217.2/,3497,1621343592.3798196
seu,ws://39.105.133.50/,3740,1621343592.6225374
seu,ws://129.211.129.109/,4375,1621343593.2578652
seu,ws://154.8.131.171/,4528,1621343593.410389
seu,ws://61.151.166.166/,4625,1621343593.5073667
seu,ws://118.212.233.223/,180,1621343595.5967402
seu,ws://106.39.41.16/,207,1621343595.6227398
seu,ws://182.61.200.7/,889,1621343596.3061686
seu,ws://61.151.166.166/,1367,1621343596.78485
seu,ws://180.149.134.141/,2083,1621343597.5006595
seu,ws://202.115.32.43/,2147,1621343597.5664263
seu,ws://203.76.217.2/,2176,1621343597.5944283
seu,ws://180.163.251.85/,2281,1621343597.6994336
seu,ws://129.211.129.109/,2716,1621343598.134842
seu,ws://154.8.131.171/,3146,1621343598.5633576
seu,ws://111.206.13.64/,3432,1621343598.8488796
seu,ws://39.105.133.50/,3841,1621343599.2591245
seu,ws://202.119.32.7/,4358,1621343599.7756567
seu,ws://106.39.41.16/,196,1621343602.0185344
seu,ws://118.212.233.223/,511,1621343602.3331876
seu,ws://180.149.134.141/,872,1621343602.6955817
seu,ws://182.61.200.7/,952,1621343602.774762
seu,ws://180.163.251.85/,1497,1621343603.3221755
seu,ws://154.8.131.171/,2256,1621343604.078582
seu,ws://129.211.129.109/,2788,1621343604.612185
seu,ws://61.151.166.166/,3337,1621343605.1610677
seu,ws://39.105.133.50/,3414,1621343605.2381182
seu,ws://111.206.13.64/,3676,1621343605.4992156
seu,ws://202.119.32.7/,3827,1621343605.6496155
seu,ws://203.76.217.2/,4238,1621343606.0628676
seu,ws://202.115.32.43/,4732,1621343606.5573182
seu,ws://106.39.41.16/,141,1621343607.8457222
seu,ws://182.61.200.7/,453,1621343608.1565518
seu,ws://118.212.233.223/,592,1621343608.2962747
seu,ws://111.206.13.64/,1859,1621343609.5642567
seu,ws://203.76.217.2/,1946,1621343609.6525888
seu,ws://154.8.131.171/,1956,1621343609.6615863
seu,ws://180.149.134.141/,2112,1621343609.8158305
seu,ws://39.105.133.50/,2367,1621343610.0728266
seu,ws://202.119.32.7/,3108,1621343610.8134403
seu,ws://61.151.166.166/,3119,1621343610.8264658
seu,ws://202.115.32.43/,3148,1621343610.8534646
seu,ws://129.211.129.109/,3427,1621343611.1320996
seu,ws://180.163.251.85/,4911,1621343612.6165247
seu,ws://106.39.41.16/,240,1621343615.2687924
seu,ws://118.212.233.223/,446,1621343615.4763124
seu,ws://182.61.200.7/,542,1621343615.572337
seu,ws://180.149.134.141/,669,1621343615.700237
seu,ws://111.206.13.64/,1468,1621343616.4990282
seu,ws://202.115.32.43/,1963,1621343616.996654
seu,ws://39.105.133.50/,2427,1621343617.4580028
seu,ws://203.76.217.2/,2900,1621343617.932257
seu,ws://129.211.129.109/,2931,1621343617.9622564
seu,ws://180.163.251.85/,3341,1621343618.371948
seu,ws://61.151.166.166/,3999,1621343619.0301983
seu,ws://202.119.32.7/,4899,1621343619.9296408
seu,ws://154.8.131.171/,4968,1621343619.998076
seu,ws://106.39.41.16/,178,1621343621.8276603
seu,ws://118.212.233.223/,187,1621343621.8366625
seu,ws://180.149.134.141/,896,1621343622.54578
seu,ws://182.61.200.7/,969,1621343622.6191695
seu,ws://39.105.133.50/,1082,1621343622.7351456
seu,ws://180.163.251.85/,1566,1621343623.2189915
seu,ws://203.76.217.2/,2200,1621343623.8524702
seu,ws://154.8.131.171/,2347,1621343623.9976037
seu,ws://61.151.166.166/,2526,1621343624.1781683
seu,ws://129.211.129.109/,2759,1621343624.413128
seu,ws://202.115.32.43/,3147,1621343624.799619
seu,ws://202.119.32.7/,3695,1621343625.3460593
seu,ws://111.206.13.64/,5035,1621343626.686704
seu,ws://118.212.233.223/,184,1621343629.099877
seu,ws://106.39.41.16/,248,1621343629.1602435
seu,ws://182.61.200.7/,1169,1621343630.0822496
seu,ws://180.163.251.85/,1328,1621343630.24299
seu,ws://61.151.166.166/,1500,1621343630.4156976
seu,ws://203.76.217.2/,1583,1621343630.4983845
seu,ws://154.8.131.171/,1904,1621343630.818374
seu,ws://39.105.133.50/,1964,1621343630.8797216
seu,ws://180.149.134.141/,2269,1621343631.182168
seu,ws://202.119.32.7/,2708,1621343631.6221855
seu,ws://111.206.13.64/,2854,1621343631.7682464
seu,ws://202.115.32.43/,3057,1621343631.9717531
seu,ws://129.211.129.109/,4461,1621343633.3766289
